link,iela,istabuSkaits,laukumsM2,stavs,serija,cenaM2,cena
https://www.ss.lv/msg/lv/real-estate/flats/riga/purvciems/fcfmm.html ,Sesku 7,1,42,5/5,M. ģim.,5.71€,240€/mēn.
https://www.ss.lv/msg/lv/real-estate/flats/riga/purvciems/dipib.html ,Viršu 11,3,75,4/9,119.,6.67 €,500  €/mēn.
https://www.ss.lv/msg/lv/real-estate/flats/riga/purvciems/cmkfj.html ,Stirnu 37,3,61,2/9,602.,1,230€,75,000€
https://www.ss.lv/msg/lv/real-estate/flats/riga/purvciems/djkek.html ,Upeņu 19,2,49,4/5,Jaun.,11.22 €,550  €/mēn.
https://www.ss.lv/msg/lv/real-estate/flats/riga/purvciems/gbkfh.html ,Deglava 108,1,43,4/9,119.,1,184€,50,900€
https://www.ss.lv/msg/lv/real-estate/flats/riga/purvciems/bmdli.html ,Nīcgales 23,3,63,5/5,LT proj.,905 €,57,000  €
https://www.ss.lv/msg/lv/real-estate/flats/riga/purvciems/cilid.html ,Ainavas 2a,2,55,4/6,Jaun.,1,764 €,97,000  €
https://www.ss.lv/msg/lv/real-estate/flats/riga/purvciems/cmlmb.html ,Varavīksnes g. 2,4,79,3/9,602.,6.96 €,550  €/mēn.
https://www.ss.lv/msg/lv/real-estate/flats/riga/purvciems/cejpkp.html ,Burtnieku 35,1,33,3/4,Hrušč.,0.879 €,29  €/dienā
https://www.ss.lv/msg/lv/real-estate/flats/riga/purvciems/ahcpo.html ,Ūnijas 74,3,100,2/4,Jaun.,1,800 €,180,000  €
https://www.ss.lv/msg/lv/real-estate/flats/riga/purvciems/cbkpk.html ,Stirnu 47,3,60,2/5,LT proj.,850 €,51,000  €
https://www.ss.lv/msg/lv/real-estate/flats/riga/purvciems/agppi.html ,Stirnu 49,1,31,4/5,LT proj.,8.06 €,250  €/mēn.
https://www.ss.lv/msg/lv/real-estate/flats/riga/purvciems/ehhmo.html ,Ilūkstes 103,1,32,1/9,467.,7.81€,250€/mēn.
https://www.ss.lv/msg/lv/real-estate/flats/riga/purvciems/fxgnm.html ,Stirnu 14,1,40,3/5,M. ģim.,1,175 €,47,000  €
https://www.ss.lv/msg/lv/real-estate/flats/riga/purvciems/emhdh.html ,Deglava 106,1,25,9/9,119.,7 €,175  €/mēn.
https://www.ss.lv/msg/lv/real-estate/flats/riga/purvciems/hxmgc.html ,Varavīksnes g. 14,3,63,1/9,602.,1,032 €,65,000  €
https://www.ss.lv/msg/lv/real-estate/flats/riga/purvciems/gehlo.html ,Stirnu 22,2,38,2/5,Specpr.,1,129 €,42,900  €
https://www.ss.lv/msg/lv/real-estate/flats/riga/purvciems/cnbbk.html ,Dzelzavas 53,1,31,6/9,467.,8.39 €,260  €/mēn.
https://www.ss.lv/msg/lv/real-estate/flats/riga/purvciems/anief.html ,Braslas 53,1,38,1/6,Jaun.,1,813 €,68,888  €
https://www.ss.lv/msg/lv/real-estate/flats/riga/purvciems/hedkm.html ,Stirnu 35,3,62,7/9,602.,5 €,310  €/mēn.
https://www.ss.lv/msg/lv/real-estate/flats/riga/purvciems/edbhf.html ,Staiceles 19,2,44,1/5,LT proj.,898 €,39,500  €
https://www.ss.lv/msg/lv/real-estate/flats/riga/purvciems/bgbmj.html ,Staiceles 17,1,28,4/5,LT proj.,10.71 €,300  €/mēn.
https://www.ss.lv/msg/lv/real-estate/flats/riga/purvciems/aefjx.html ,Dzelzavas 104,2,42,2/8,Jaun.,14.29 €,600  €/mēn.
https://www.ss.lv/msg/lv/real-estate/flats/riga/purvciems/ancec.html ,Vaidavas 6, k-3,2,45,3/6,Jaun.,1.11 €,50  €/dienā
https://www.ss.lv/msg/lv/real-estate/flats/riga/purvciems/adohg.html ,Žagatu 20,2,50,5/9,602.,1,000 €,50,000  €
https://www.ss.lv/msg/lv/real-estate/flats/riga/purvciems/afkeh.html ,Dzelzavas 31,2,37,3/5,LT proj.,1,500€,55,500€
https://www.ss.lv/msg/lv/real-estate/flats/riga/purvciems/dggfp.html ,-,Citi,-,-,-,-,pērku
https://www.ss.lv/msg/lv/real-estate/flats/riga/purvciems/dxckd.html ,-,Citi,-,-,-,-,pērku
https://www.ss.lv/msg/lv/real-estate/flats/riga/purvciems/bgkdm.html ,-,Citi,-,-,-,-,pērku
https://www.ss.lv/msg/lv/real-estate/flats/riga/purvciems/ajofx.html ,Viršu 3,2,55,6/9,119.,9.09€,500€/mēn.
https://www.ss.lv/msg/lv/real-estate/flats/riga/purvciems/ccgng.html ,Ieriķu 25,2,65,1/5,Specpr.,1,012 €,65,800  €
https://www.ss.lv/msg/lv/real-estate/flats/riga/purvciems/bcpexf.html ,Nīcgales 34,4,123,4/4,Jaun.,1,610 €,198,000  €
https://www.ss.lv/msg/lv/real-estate/flats/riga/purvciems/gjfbm.html ,Dzelzavas 25,4,77,4/9,602.,883 €,68,000  €
https://www.ss.lv/msg/lv/real-estate/flats/riga/purvciems/bpodx.html ,Ieriķu 66,1,39,2/9,Specpr.,9.87€,385€/mēn.
https://www.ss.lv/msg/lv/real-estate/flats/riga/purvciems/aggkx.html ,Ilūkstes 44,2,60,2/6,119.,6.33€,380€/mēn.
https://www.ss.lv/msg/lv/real-estate/flats/riga/purvciems/emndg.html ,Stirnu 51,1,30,3/5,LT proj.,9 €,270  €/mēn.
https://www.ss.lv/msg/lv/real-estate/flats/riga/purvciems/dhcex.html ,Ūnijas 60,2,37,1/5,LT proj.,1,105 €,40,900  €
https://www.ss.lv/msg/lv/real-estate/flats/riga/purvciems/bgkgj.html ,Pūces 19,2,51,2/5,Jaun.,2,206 €,112,500  €
https://www.ss.lv/msg/lv/real-estate/flats/riga/purvciems/ednip.html ,Ilūkstes 101/ k1,1,32,3/5,103.,10.31€,330€/mēn.
https://www.ss.lv/msg/lv/real-estate/flats/riga/purvciems/fxpxg.html ,Varavīksnes g. 4,2,50,9/9,602.,1,170 €,58,500  €
https://www.ss.lv/msg/lv/real-estate/flats/riga/purvciems/aeebx.html ,-,Citi,-,-,-,-,pērku
https://www.ss.lv/msg/lv/real-estate/flats/riga/purvciems/afhnf.html ,Stirnu 47,2,47,3/5,LT proj.,1,170€,55,000€
https://www.ss.lv/msg/lv/real-estate/flats/riga/purvciems/clhfi.html ,Ilūkstes 101,3,75,5/5,Specpr.,6 €,450  €/mēn.
https://www.ss.lv/msg/lv/real-estate/flats/riga/purvciems/bhiko.html ,Ieriķu 25,2,52,2/5,Specpr.,8.27 €,430  €/mēn.
https://www.ss.lv/msg/lv/real-estate/flats/riga/purvciems/edcxc.html ,Ieriķu 60,1,37,9/2,Specpr.,1,203 €,44,500  €
https://www.ss.lv/msg/lv/real-estate/flats/riga/purvciems/fmdid.html ,Nīcgales 17,1,32,3/5,LT proj.,928 €,29,700  €
https://www.ss.lv/msg/lv/real-estate/flats/riga/purvciems/affdn.html ,Dzelzavas 76,2,50,5/9,602.,-,pērku
https://www.ss.lv/msg/lv/real-estate/flats/riga/purvciems/gofpf.html ,Dzelzavas 33,2,48,2/5,LT proj.,1,198 €,57,500  €
https://www.ss.lv/msg/lv/real-estate/flats/riga/purvciems/aidbm.html ,Pūces 15A,2,49,1/3,Specpr.,6.73 €,330  €/mēn.
https://www.ss.lv/msg/lv/real-estate/flats/riga/purvciems/cfohlo.html ,Žagatu 20,1,36,2/1,LT proj.,8.33€,300€/mēn.
https://www.ss.lv/msg/lv/real-estate/flats/riga/purvciems/alkpp.html ,Dzelzavas 31,1,30,4/5,LT proj.,1,150 €,34,500  €
https://www.ss.lv/msg/lv/real-estate/flats/riga/purvciems/bnnep.html ,Madonas 27,3,74,3/9,119.,8.78 €,650  €/mēn.
https://www.ss.lv/msg/lv/real-estate/flats/riga/purvciems/hchfi.html ,Dzelzavas 25,3,63,1/9,602.,984 €,62,000  €
https://www.ss.lv/msg/lv/real-estate/flats/riga/purvciems/clehb.html ,Deglava 108k6,3,74,3/9,119.,1,216 €,89,990  €
https://www.ss.lv/msg/lv/real-estate/flats/riga/purvciems/febgp.html ,-,Citi,-,-,-,-,pērku
https://www.ss.lv/msg/lv/real-estate/flats/riga/purvciems/agkmp.html ,-,Citi,-,-,-,-,pērku
https://www.ss.lv/msg/lv/real-estate/flats/riga/purvciems/cbkjx.html ,Upeņu 17,2,62,7/9,Jaun.,2,177 €,135,000  €
https://www.ss.lv/msg/lv/real-estate/flats/riga/purvciems/fgnme.html ,Madonas 27,1,41,1/9,119.,963 €,39,500  €
https://www.ss.lv/msg/lv/real-estate/flats/riga/purvciems/edmln.html ,Ilūkstes 54,1,39,2/5,M. ģim.,5.90 €,230  €/mēn.
https://www.ss.lv/msg/lv/real-estate/flats/riga/purvciems/djinb.html ,Nīcgales 67,1,21,2/2,Priv. m.,7.57 €,159  €/mēn.
https://www.ss.lv/msg/lv/real-estate/flats/riga/purvciems/cfofjd.html ,Dzelzavas 33,1,30,5/5,LT proj.,0.667 €,20  €/dienā
https://www.ss.lv/msg/lv/real-estate/flats/riga/purvciems/hklch.html ,Nīcgales 9,2,45,1/5,LT proj.,6.22 €,280  €/mēn.
https://www.ss.lv/msg/lv/real-estate/flats/riga/purvciems/hchkg.html ,Vaidavas 10,2,40,3/5,Hrušč.,1,050 €,42,000  €
https://www.ss.lv/msg/lv/real-estate/flats/riga/purvciems/fxbxo.html ,-,Citi,-,-,-,-,pērku
https://www.ss.lv/msg/lv/real-estate/flats/riga/purvciems/idppd.html ,Nīcgales 17,1,32,3/5,LT proj.,928€,29,700€
https://www.ss.lv/msg/lv/real-estate/flats/riga/purvciems/hxnxd.html ,Braslas 53,2,70,4/6,Jaun.,2,114 €,148,000  €
https://www.ss.lv/msg/lv/real-estate/flats/riga/purvciems/befji.html ,Astras 8 k-1,3,89,5/24,Jaun.,2,383 €,212,100  €
https://www.ss.lv/msg/lv/real-estate/flats/riga/purvciems/omdgg.html ,Nīcgales 19,3,63,3/5,LT proj.,960 €,60,500  €
https://www.ss.lv/msg/lv/real-estate/flats/riga/purvciems/dgldl.html ,Vaidavas 2,1,42,5/5,Specpr.,976€,41,000€
https://www.ss.lv/msg/lv/real-estate/flats/riga/purvciems/eccmb.html ,Ilūkstes 107/2,3,59,5/9,467.,1,237 €,73,000  €
https://www.ss.lv/msg/lv/real-estate/flats/riga/purvciems/afndn.html ,Lielvārdes 105,1,52,9/12,119.,6.73 €,350  €/mēn.
https://www.ss.lv/msg/lv/real-estate/flats/riga/purvciems/dgkll.html ,Viršu 11,1,43,4/9,119.,7.67 €,330  €/mēn.
https://www.ss.lv/msg/lv/real-estate/flats/riga/purvciems/gjfpe.html ,Dzelzavas 74C,3,88,13/13,Jaun.,3,067 €,269,900  €
https://www.ss.lv/msg/lv/real-estate/flats/riga/purvciems/bdflnx.html ,Dzelzavas 74C,3,63,6/13,Jaun.,2,741 €,172,700  €
https://www.ss.lv/msg/lv/real-estate/flats/riga/purvciems/cnexe.html ,Stirnu 13A,3,103,4/6,Jaun.,1,845 €,190,000  €
https://www.ss.lv/msg/lv/real-estate/flats/riga/purvciems/fbjim.html ,Brantkalna 6,3,80,6/9,119.,774 €,61,900  €
https://www.ss.lv/msg/lv/real-estate/flats/riga/purvciems/bbmcko.html ,Vaidavas 2 k4,2,40,1/5,Hrušč.,1,100 €,44,000  €
https://www.ss.lv/msg/lv/real-estate/flats/riga/purvciems/emdgo.html ,Zvaigznāja g. 9,3,55,4/5,LT proj.,6.36€,350€/mēn.
https://www.ss.lv/msg/lv/real-estate/flats/riga/purvciems/adgcf.html ,Stirnu 4,3,80,8/12,Jaun.,1,979 €,158,300  €
https://www.ss.lv/msg/lv/real-estate/flats/riga/purvciems/aghfc.html ,Dzelzavas 74/1,3,100,11/11,Jaun.,7€,700€/mēn.
https://www.ss.lv/msg/lv/real-estate/flats/riga/purvciems/epcjk.html ,Ieriķu 58,1,43,9/9,Specpr.,0.814 €,35  €/dienā
https://www.ss.lv/msg/lv/real-estate/flats/riga/purvciems/fmldj.html ,Ilūkstes 58,2,49,2/5,LT proj.,1,020 €,50,000  €
https://www.ss.lv/msg/lv/real-estate/flats/riga/purvciems/adfgo.html ,-,Citi,-,-,-,-,pērku
https://www.ss.lv/msg/lv/real-estate/flats/riga/purvciems/aopim.html ,-,Citi,-,-,-,-,pērku
https://www.ss.lv/msg/lv/real-estate/flats/riga/purvciems/ciccd.html ,Stirnu 47,2,39,4/5,LT proj.,1,051 €,41,000  €
https://www.ss.lv/msg/lv/real-estate/flats/riga/purvciems/dxcji.html ,Ūnijas 71,1,42,5/9,LT proj.,6.19 €,260  €/mēn.
https://www.ss.lv/msg/lv/real-estate/flats/riga/purvciems/dicdh.html ,Madonas 21,2,60,11/16,Specpr.,1,098 €,65,900  €
https://www.ss.lv/msg/lv/real-estate/flats/riga/purvciems/cifoe.html ,-,1,-,-,-,-,vēlosīret
https://www.ss.lv/msg/lv/real-estate/flats/riga/purvciems/gghpj.html ,Nīcgales 46,3,62,6/9,602.,1,202 €,74,500  €
https://www.ss.lv/msg/lv/real-estate/flats/riga/purvciems/bblgjd.html ,Dzelzavas 74C,2,42,2/13,Jaun.,2,617 €,109,900  €
